last_name, first_name,player_id,year,player_age,p_game,p_formatted_ip,p_total_pa,p_ab,p_total_hits,p_single,p_double,p_triple,p_home_run,p_strikeout,p_walk,p_k_percent,p_bb_percent,batting_avg,slg_percent,on_base_percent,on_base_plus_slg,isolated_power,p_earned_run,p_run,p_save,p_blown_save,p_out,p_win,p_loss,p_wild_pitch,p_balk,p_shutout,p_era,p_opp_batting_avg,p_opp_on_base_avg,p_total_stolen_base,p_pickoff_attempt_1b,p_pickoff_attempt_2b,p_pickoff_attempt_3b,p_pickoff_1b,p_pickoff_2b,p_pickoff_3b,p_lob,p_rbi,p_stolen_base_2b,p_stolen_base_3b,p_stolen_base_home,p_quality_start,p_walkoff,p_run_support,p_ab_scoring,p_automatic_ball,p_ball,p_called_strike,p_catcher_interf,p_caught_stealing_2b,p_caught_stealing_3b,p_caught_stealing_home,p_complete_game,p_defensive_indiff,p_foul,p_foul_tip,p_game_finished,p_game_in_relief,p_gnd_into_dp,p_gnd_into_tp,p_gnd_rule_double,p_hit_by_pitch,p_hit_fly,p_hit_ground,p_hit_line_drive,p_hit_into_play,p_hit_scoring,p_hold,p_intent_ball,p_intent_walk,p_missed_bunt,p_out_fly,p_out_ground,p_out_line_drive,p_passed_ball,p_pickoff_error_1b,p_pickoff_error_2b,p_pickoff_error_3b,p_pitchout,p_relief_no_out,p_sac_bunt,p_sac_fly,p_starting_p,p_swinging_strike,p_unearned_run,p_total_ball,p_total_bases,p_total_caught_stealing,p_total_pickoff,p_total_pickoff_attempt,p_total_pickoff_error,p_total_pitches,p_total_sacrifices,p_total_strike,p_total_swinging_strike,p_inh_runner,p_inh_runner_scored,p_beq_runner,p_beq_runner_scored,p_reached_on_error,xba,xslg,woba,xwoba,xobp,xiso,wobacon,xwobacon,bacon,xbacon,xbadiff,xslgdiff,wobadif,exit_velocity_avg,launch_angle_avg,sweet_spot_percent,barrels,barrel_batted_rate,solidcontact_percent,flareburner_percent,poorlyunder_percent,poorlytopped_percent,poorlyweak_percent,hard_hit_percent,z_swing_percent,z_swing_miss_percent,oz_swing_percent,oz_swing_miss_percent,oz_contact_percent,out_zone_swing_miss,out_zone_swing,out_zone_percent,out_zone,meatball_swing_percent,meatball_percent,pitch_count_offspeed,pitch_count_fastball,pitch_count_breaking,pitch_count,iz_contact_percent,in_zone_swing_miss,in_zone_swing,in_zone_percent,in_zone,edge_percent,edge,whiff_percent,swing_percent,pull_percent,straightaway_percent,opposite_percent,batted_ball,f_strike_percent,groundballs_percent,groundballs,flyballs_percent,flyballs,linedrives_percent,linedrives,popups_percent,popups,pitch_hand,n,n_ff_formatted,ff_avg_speed,ff_avg_spin,ff_avg_break_x,ff_avg_break_z,ff_avg_break,ff_range_speed,n_sl_formatted,sl_avg_speed,sl_avg_spin,sl_avg_break_x,sl_avg_break_z,sl_avg_break,sl_range_speed,n_ch_formatted,ch_avg_speed,ch_avg_spin,ch_avg_break_x,ch_avg_break_z,ch_avg_break,ch_range_speed,n_cukc_formatted,cu_avg_speed,cu_avg_spin,cu_avg_break_x,cu_avg_break_z,cu_avg_break,cu_range_speed,n_sift_formatted,si_avg_speed,si_avg_spin,si_avg_break_x,si_avg_break_z,si_avg_break,si_range_speed,n_fc_formatted,fc_avg_speed,fc_avg_spin,fc_avg_break_x,fc_avg_break_z,fc_avg_break,fc_range_speed,n_fs_formatted,fs_avg_speed,fs_avg_spin,fs_avg_break_x,fs_avg_break_z,fs_avg_break,fs_range_speed,n_kn_formatted,kn_avg_speed,kn_avg_spin,kn_avg_break_x,kn_avg_break_z,kn_avg_break,kn_range_speed,n_fastball_formatted,fastball_avg_speed,fastball_avg_spin,fastball_avg_break_x,fastball_avg_break_z,fastball_avg_break,fastball_range_speed,n_breaking_formatted,breaking_avg_speed,breaking_avg_spin,breaking_avg_break_x,breaking_avg_break_z,breaking_avg_break,breaking_range_speed,n_offspeed_formatted,offspeed_avg_speed,offspeed_avg_spin,offspeed_avg_break_x,offspeed_avg_break_z,offspeed_avg_break,offspeed_range_speed,
Wainwright, Adam,425794,2021,40,26,169.2,679,627,135,85,31,2,17,155,40,22.8,5.9,.215,.352,.271,.623,.137,56,57,0,0,509,13,7,3,1,1,2.97,.215,,3,31,3,0,0,0,0,112,54,2,0,1,18,0,0,147,12,782,555,0,2,0,1,3,0,372,14,0,0,11,0,1,9,21,34,79,475,21,0,0,3,6,82,189,49,0,0,2,0,0,0,2,1,26,218,1,849,221,3,0,34,2,2483,3,1634,204,0,0,0,0,2,.246,.381,.271,.299,.300,.135,.319,.358,.285,.326,-0.031,-0.029,-0.028,88.8,10.2,35.8,31,6.5,6.5,26.1,22.3,35.6,2.9,37.5,60,11.5,27.3,38.8,60.1,133,343,50.6,1256,65.3,7.8,149,1460,865,2483,87.1,85,736,49.4,1227,44.9,1116,20.2,43.5,39.4,37.7,22.9,475,64.2,46.9,223,21.9,104,26.9,128,4.2,20,R,2474,9.7,89.2,2229,-2.2,-19.2,15.4,1.4,,,,,,,,6,82.7,1736,-13.8,-31.9,16.1,1.7,35,73.5,2844,16.5,-66.2,22.2,1.6,27.4,89.1,2233,-12.6,-22.1,17.8,1.5,21.9,85.1,2405,6.3,-30.8,9.6,1.6,,,,,,,,,,,,,,,59,87.6,2296,-3.9,-24.8,14.3,2.7,35,73.5,2844,16.5,-66.2,22.2,1.6,6,82.7,1736,-13.8,-31.9,16.1,1.7,
Greinke, Zack,425844,2021,38,26,155.2,623,587,143,95,24,0,24,109,30,17.5,4.8,.244,.407,.281,.688,.163,59,61,0,0,467,11,4,3,0,0,3.41,.244,,6,44,1,0,0,0,0,98,57,6,0,0,15,0,0,117,0,763,405,0,1,0,0,1,0,356,20,0,0,18,0,5,2,29,45,69,482,21,0,0,0,0,89,173,48,0,0,0,0,0,0,1,3,26,238,2,846,239,1,0,45,0,2330,4,1484,218,0,0,0,0,2,.254,.404,.296,.305,.293,.150,.336,.349,.297,.312,-0.010,.003,-0.009,87.7,10.8,35.1,30,6.2,6,23.9,24.7,34,5.2,33,66.3,12.5,29.6,39.9,59.8,150,376,54.5,1269,75.3,6.4,517,1055,741,2330,87.2,88,703,45.5,1061,42.9,999,22.1,46.3,36.7,35.9,27.4,482,66.1,45.2,218,24.7,119,24.7,119,5.4,26,R,2313,39.7,88.9,2231,-1.2,-18.1,16.6,1.3,15.3,83.5,2350,7.9,-36.1,8.9,1.6,22.4,86.4,1588,-12.8,-32,13.8,1.2,16.7,71.1,2355,11.4,-65.1,15.6,2.2,5.9,89.5,2150,-13,-23.1,17.1,1.2,,,,,,,,,,,,,,,,,,,,,,45.6,89,2220,-2.7,-18.7,16.7,1.3,32,77,2353,9.7,-51.3,12.4,7.1,22.4,86.4,1588,-12.8,-32,13.8,1.2,
Morton, Charlie,450203,2021,38,25,139.0,573,506,107,80,12,2,13,166,46,29.0,8.0,.211,.320,.290,.610,.109,55,63,0,0,417,12,5,3,0,0,3.56,.211,,6,37,1,0,0,0,0,90,58,6,0,0,13,0,0,132,4,750,434,0,0,0,0,0,0,380,26,0,0,11,0,1,13,14,38,54,348,37,0,0,1,3,48,137,34,0,2,0,0,0,0,4,4,25,297,8,800,162,0,0,38,2,2268,8,1468,271,0,0,0,0,3,.214,.324,.274,.281,.296,.110,.335,.346,.312,.318,-0.002,-0.002,-0.007,88.3,7.3,29.9,18,4.9,5.5,27.2,19.5,37.4,5.2,33,64.4,19.5,27,51.4,47.6,163,317,49.6,1172,77.1,7.6,109,1401,854,2364,79.6,150,768,50.4,1192,43,1017,28.8,45.9,39.8,32.1,28,364,58.4,50.3,183,18.4,67,25.8,94,5.5,20,R,2364,35,95.5,2333,-13.1,-17.3,18.4,1.1,,,,,,,,4.6,86.5,2083,-18.5,-33.2,19,1.4,36.1,80.5,3050,16.7,-53.1,19.8,1.3,14.7,94.6,2115,-17.5,-24.6,18.5,1.2,9.5,87.5,2411,2.4,-31.6,5.3,1.5,,,,,,,,,,,,,,,59.3,94,2291,-11.7,-21.4,16.3,3.4,36.1,80.5,3050,16.7,-53.1,19.8,1.3,4.6,86.5,2083,-18.5,-33.2,19,1.4,
Scherzer, Max,453286,2021,37,24,140.0,543,497,90,53,16,1,20,188,33,34.6,6.1,.181,.338,.245,.583,.157,39,41,0,0,420,12,4,1,0,0,2.51,.181,,6,15,0,0,0,0,0,87,39,6,0,0,14,0,0,90,0,726,359,0,5,0,0,1,0,416,28,0,0,10,0,0,10,23,28,39,312,10,0,0,0,1,79,84,23,0,0,0,0,0,0,2,1,24,385,2,777,168,5,0,15,0,2255,3,1478,357,0,0,0,0,3,.191,.360,.256,.271,.255,.169,.350,.376,.290,.306,-0.010,-0.022,-0.015,88.3,19.2,31.1,31,9.9,5.1,19.9,35.3,25,4.8,34,70.6,26.4,28.1,55.1,44.2,172,312,49.3,1112,78.7,7.9,333,1281,641,2255,73.1,213,807,50.7,1143,42.9,967,34.4,49.6,35.9,37.2,26.9,312,63,35.9,112,33,103,19.9,62,11.2,35,R,2255,47.8,94.3,2438,-10.6,-14.6,19.5,1.4,19.3,85.8,2282,3,-32.8,5.7,1.4,14.8,84.9,1429,-15.3,-33.9,16,1.3,9.1,76.9,2657,13.8,-54.3,16,1.5,,,,,,,,9,90.1,2485,-0.8,-24.7,9.3,1.3,,,,,,,,,,,,,,,56.8,93.6,2445,-9.1,-16.2,17.9,2.2,28.4,82.9,2402,6.5,-39.7,9,4.8,14.8,84.9,1429,-15.3,-33.9,16,1.3,
Lynn, Lance,458681,2021,34,24,135.2,557,509,104,69,18,1,16,152,42,27.3,7.5,.204,.338,.266,.604,.134,39,43,0,0,407,10,4,5,0,1,2.59,.204,,12,32,0,0,0,0,0,106,38,11,1,0,13,0,0,108,5,797,319,2,3,0,0,1,0,468,27,0,0,4,0,2,2,23,36,45,360,16,0,0,2,0,82,103,33,1,1,0,0,0,0,1,1,24,293,4,826,172,3,0,32,1,2269,2,1443,266,0,0,0,0,7,.192,.309,.265,.252,.256,.116,.327,.307,.291,.274,.012,.029,.013,88.2,16.8,31.2,21,5.8,5.6,20.6,31.5,29.2,3.1,36.1,72.8,21.6,26.4,39.5,59.4,113,286,50,1082,81.5,7.5,108,2008,48,2269,78.3,170,788,50,1082,40.4,874,26.1,49.5,37.6,33.4,29,359,58,38.7,139,29.8,107,21.7,78,9.7,35,R,2164,41.7,93.9,2399,-5.9,-16.1,16.1,1.6,,,,,,,,5,87.6,1795,-13.6,-28.9,15.3,2,2.2,81.2,2406,6.7,-48.6,10,1.8,20,92.4,2228,-12.8,-25.7,14.4,1.5,31.1,88.6,2532,2.7,-30.1,6.2,1.9,,,,,,,,,,,,,,,92.8,91.8,2407,-4.5,-22.8,12.4,3.2,2.2,81.2,2406,6.7,-48.6,10,1.8,5,87.6,1795,-13.6,-28.9,15.3,2,
Miley, Wade,489119,2021,35,24,144.2,599,543,130,88,30,2,10,112,46,18.7,7.7,.239,.357,.299,.656,.118,44,46,0,0,434,11,4,2,0,1,2.74,.239,,2,50,4,0,2,1,0,120,41,2,0,0,14,0,0,135,0,766,349,0,1,0,0,1,0,363,24,0,0,15,0,1,3,18,42,69,438,19,0,0,0,2,66,181,42,0,1,0,0,0,0,6,1,24,251,2,858,194,1,3,54,1,2274,7,1416,227,0,0,0,0,5,.243,.375,.290,.303,.307,.132,.320,.338,.301,.307,-0.004,-0.018,-0.013,85.5,8.3,31.5,24,5.5,7.1,21.5,18.9,39,7.8,33.3,70.3,17.8,30.4,32.9,66.1,133,404,58.5,1331,80.7,3.6,614,1461,197,2274,80.5,118,663,41.5,943,46.3,1053,23.5,46.9,39,37.7,23.3,438,57.8,50.9,223,19.4,85,25.3,111,4.3,19,L,2272,16.1,89.8,2241,3,-17,17.1,1.4,4.8,78.9,2299,-11.5,-40.1,12.7,1.7,27,81.7,1801,14.9,-33.9,16.6,1.4,3.8,74.8,2391,-10.7,-57.7,14.5,1.7,1.2,88.6,2016,13.6,-22.2,18.7,1.5,47,85.2,2272,-3.9,-30.4,8.3,1.5,,,,,,,,,,,,,,,64.3,86.4,2259,-1.9,-26.9,10.7,2.7,8.7,77.1,2340,-11.1,-47.9,13.5,2.7,27,81.7,1801,14.9,-33.9,16.6,1.4,
Minor, Mike,501985,2021,34,26,147.2,624,574,146,83,34,4,25,142,41,22.8,6.6,.254,.458,.308,.766,.204,87,89,0,0,443,8,11,3,0,0,5.30,.254,,3,73,0,0,1,0,0,93,79,2,1,0,8,0,0,118,0,805,395,0,3,0,0,0,0,450,26,0,0,11,0,1,5,39,45,61,436,42,0,0,0,0,78,125,38,0,0,0,0,0,0,2,2,26,289,2,862,263,3,1,73,0,2438,4,1576,263,0,0,0,0,6,.243,.449,.328,.323,.298,.206,.396,.390,.336,.321,.011,.009,.005,88.9,16.7,35.3,43,9.9,6.9,20.2,29.1,30,3.7,37.6,68.2,18.4,30,37.3,62.7,141,378,51.7,1260,79.9,6.1,479,1031,928,2438,80.8,148,803,48.3,1178,45.4,1106,24.5,48.4,44,33.3,22.7,436,61.1,39,170,27.3,119,22.9,100,10.8,47,L,2438,42.3,90.9,2545,2.1,-18,15.2,1.5,21.9,85.6,2720,-5.3,-34.9,6.2,1.4,19.6,85.3,2243,16.9,-26,20.6,1.8,16.2,80.4,2492,-6.9,-54.7,14.2,1.9,,,,,,,,,,,,,,,,,,,,,,,,,,,,,42.3,90.9,2545,2.1,-18,15.2,1.5,38.1,83.4,2623,-6,-43.3,9.6,3.3,19.6,85.3,2243,16.9,-26,20.6,1.8,
Gibson, Kyle,502043,2021,34,25,150.0,613,548,124,89,24,0,11,116,53,18.9,8.6,.226,.330,.299,.629,.104,49,51,0,0,450,10,5,2,0,0,2.94,.226,,2,65,2,0,1,0,0,112,40,2,0,0,18,0,0,122,4,855,402,0,2,0,0,0,0,358,15,0,1,14,0,0,6,17,48,59,438,23,0,0,1,0,58,182,44,2,1,0,0,0,0,1,5,24,249,2,917,181,2,1,67,1,2366,6,1449,234,0,0,0,0,2,.239,.350,.279,.297,.312,.110,.298,.323,.284,.302,-0.013,-0.020,-0.018,88.3,7.3,30.4,18,4.1,5.3,25.1,22.1,39,4.3,37.9,68.3,14,26.9,41.6,58.4,154,370,58.1,1375,76.5,4.9,335,1437,594,2366,85.7,95,677,41.9,991,44.5,1053,23.8,44.3,38.1,43.2,18.7,438,59.2,52.5,230,17.6,77,24.2,106,5.7,25,R,2366,12.9,92.9,2293,-5.6,-15.3,17.5,1.2,16.1,83.3,2512,5.7,-40.3,6.4,1.2,14.2,84.8,1646,-14.6,-34,15.3,1.3,9,79.3,2433,7.1,-51.9,11.2,1.3,34.4,92.3,2142,-15,-24.2,17.2,1.3,13.4,89.3,2367,1.9,-26.3,8.5,1.3,,,,,,,,,,,,,,,60.7,91.8,2224,-9.3,-22.8,15.3,1.9,25.1,81.9,2484,6.2,-44.5,8.1,2.4,14.2,84.8,1646,-14.6,-34,15.3,1.3,
Darvish, Yu,506433,2021,35,24,137.1,553,509,110,56,29,3,22,164,31,29.7,5.6,.216,.415,.269,.684,.199,58,60,0,0,412,7,8,7,0,0,3.80,.216,,13,33,1,0,0,0,0,80,57,13,0,0,11,0,0,110,0,705,399,0,1,0,0,0,0,414,16,0,0,10,0,1,8,33,29,48,350,24,0,0,0,0,70,103,30,0,0,0,0,0,0,0,5,24,298,2,755,211,1,0,34,0,2221,5,1466,282,0,0,0,0,3,.204,.353,.292,.271,.261,.149,.384,.351,.314,.300,.012,.062,.021,87.8,16.7,35.4,27,7.7,8.3,21.7,30.3,27.4,4,34,66.5,19.9,26.7,51.1,48.5,140,274,46.3,1028,74.5,8.6,112,1422,686,2221,79.6,158,793,53.7,1193,43.8,972,27.9,48,39.4,37.1,23.4,350,60.2,37.7,132,30.3,106,22.9,80,9.1,32,R,2220,20.1,94.6,2526,-6.2,-11.8,20,1.4,23.6,81.7,2760,16,-43.3,16.5,2.1,0,80.2,1390,-13.6,-36.4,15.1,,7.3,75.2,2709,9.4,-63.3,17.2,4.3,6.4,94.2,2421,-13.9,-18.2,20.1,4.1,37.5,86.6,2774,4.9,-34.5,6.6,2.7,5,89.4,1456,-7.4,-27.4,11.1,2.3,,,,,,,,64.1,89.9,2660,-0.5,-25.8,12.1,5.1,30.9,80.1,2748,14.5,-48,16.7,4.2,5,89.3,1455,-7.5,-27.5,11.1,2.4,
Kelly, Merrill,518876,2021,33,24,142.1,595,552,143,93,28,4,18,118,33,19.8,5.5,.259,.422,.301,.723,.163,68,72,0,0,427,7,9,2,0,0,4.30,.259,,8,84,1,1,2,0,0,93,64,7,0,1,10,0,0,123,12,667,378,0,1,3,0,0,0,392,24,0,0,8,0,2,3,31,44,68,441,30,0,0,3,3,73,152,44,1,0,0,0,0,0,4,3,24,224,4,710,233,3,2,86,0,2157,7,1447,200,0,0,0,0,2,.262,.408,.310,.311,.306,.147,.364,.366,.327,.332,-0.003,.014,-0.001,89.1,13,33.1,27,6.1,6.8,27.4,25.9,28.8,5,39.5,70.1,13.6,27.3,41.3,56.9,117,283,48,1036,79.8,7.8,362,1401,394,2157,85.5,107,786,52,1121,45.4,979,21,49.6,41,32.7,26.3,441,62.4,44.4,196,24,106,25.6,113,5.9,26,R,2157,31.9,91.8,2361,-7.1,-16.8,17.4,1.5,,,,,,,,16.8,87.2,1975,-15.3,-30.3,16.7,1.5,18.3,81.3,2569,9.1,-51.4,13.6,1.7,19.1,91.7,2246,-15.3,-24,17.8,1.4,14,90.9,2324,-1.6,-20.1,13.1,1.4,,,,,,,,,,,,,,,65,91.6,2319,-8.3,-19.6,16.6,1.5,18.3,81.3,2569,9.1,-51.4,13.6,1.7,16.8,87.2,1975,-15.3,-30.3,16.7,1.5,
Anderson, Tyler,542881,2021,32,24,137.1,571,529,135,88,24,2,21,111,28,19.4,4.9,.255,.427,.287,.714,.172,62,64,0,0,412,6,9,1,1,0,4.06,.255,,6,59,1,0,1,0,0,92,60,4,2,0,9,0,0,115,1,621,327,0,1,0,0,0,0,430,19,0,0,7,0,0,1,29,36,68,431,27,0,0,1,0,87,127,44,1,0,0,0,0,0,7,6,24,268,2,648,226,1,1,60,0,2117,13,1469,249,0,0,0,0,5,.258,.413,.306,.312,.297,.154,.360,.368,.318,.327,-0.003,.014,-0.006,87.2,17.9,36.7,33,7.7,6,24.8,30.2,23.7,7.2,33.4,73.1,19.5,32.6,33.3,64.5,109,327,47.3,1002,82.1,7.1,529,1572,15,2117,79.8,159,815,52.7,1115,45.6,965,23.5,53.9,39.9,38.5,21.6,431,69.2,37.8,163,28.1,121,26.2,113,7.9,34,L,2116,39.7,90.4,2307,9.4,-15.5,20.6,1.7,,,,,,,,25,80.8,1847,12.7,-28.3,18.8,1.6,0.7,74.5,2458,-6,-53.8,9.1,1.5,7.7,88.9,2253,18.5,-28.4,20,1.3,26.9,85,2500,-2.2,-27.8,10.4,2.2,,,,,,,,,,,,,,,74.3,88.3,2371,6.2,-21.3,16.8,3.4,0.7,74.5,2458,-6,-53.8,9.1,1.5,25,80.8,1847,12.7,-28.3,18.8,1.6,
Cole, Gerrit,543037,2021,31,24,148.0,583,546,114,79,16,1,18,200,32,34.3,5.5,.209,.341,.252,.593,.132,46,49,0,0,444,13,6,5,0,1,2.80,.209,,9,39,2,0,0,0,0,92,44,8,1,0,16,0,0,107,0,746,429,0,0,0,0,2,0,437,25,0,0,12,0,2,1,27,36,51,350,15,0,0,0,0,69,112,25,1,0,0,0,0,0,0,4,24,371,3,792,186,0,0,41,0,2381,4,1589,346,0,0,0,0,2,.200,.350,.258,.261,.245,.150,.364,.370,.326,.314,.009,-0.009,-0.003,88.8,12.9,31.1,33,9.4,4.3,24,27.7,30.6,3.7,38,66,23.9,32.4,47.6,52.1,189,397,51.4,1225,77.9,8,346,1128,907,2381,76,182,763,48.6,1156,43.5,1036,32,48.7,29.4,42.9,27.7,350,67.2,42.3,148,28.3,99,22,77,7.4,26,R,2381,46.7,97.6,2459,-12.1,-10.8,21.8,1.4,21.6,88.4,2607,5.3,-34,6,1.6,14.5,89.7,1721,-15.6,-23.9,18.9,1.5,16.5,83.3,2798,10.5,-51.7,16.1,1.8,0.7,97.6,2372,-16.7,-14.8,21.9,1.4,,,,,,,,,,,,,,,,,,,,,,47.4,97.6,2458,-12.1,-10.9,21.8,1.4,38.1,86.2,2689,7.6,-41.7,10.4,3.3,14.5,89.7,1721,-15.6,-23.9,18.9,1.5,
DeSclafani, Anthony,543101,2021,31,24,132.2,535,493,108,79,12,1,16,123,36,23.0,6.7,.219,.345,.273,.618,.126,48,50,0,0,398,11,5,5,0,2,3.26,.219,,5,60,0,0,0,0,0,89,47,5,0,0,12,0,0,95,4,660,336,0,3,0,0,2,1,368,14,0,0,10,0,1,2,20,34,53,374,21,0,0,1,2,74,139,26,2,0,0,0,0,0,4,0,24,225,2,703,170,3,0,60,0,2011,4,1308,211,0,0,0,0,4,.236,.390,.272,.298,.290,.154,.320,.358,.292,.314,-0.017,-0.045,-0.026,88.9,11.4,32.6,30,8,5.1,23.5,24.1,32.1,7,40.1,68,15,26.8,45.9,52.9,118,257,47.7,960,76.5,9.1,227,923,861,2011,84.8,107,715,52.3,1051,40.3,811,23.1,48.3,32.4,40.4,27.3,374,66.7,46.3,173,25.1,94,21.4,80,7.2,27,R,2011,27.3,94.3,2259,-9.8,-14.3,19.3,1.2,33.6,88.2,2196,4.2,-30.5,6.7,1.8,11.3,88.4,1580,-15.8,-30,16.7,1.4,9.2,83.2,1979,6.2,-45.6,9.1,1.6,18.6,94.2,2089,-15.9,-19.5,19.6,1.2,,,,,,,,,,,,,,,,,,,,,,45.9,94.2,2190,-12.3,-16.4,19.4,1.2,42.8,87.1,2149,4.6,-33.7,7.2,2.9,11.3,88.4,1580,-15.8,-30,16.7,1.4,
Eovaldi, Nathan,543135,2021,31,26,150.1,627,592,150,88,46,4,12,154,26,24.6,4.1,.253,.405,.292,.697,.152,62,66,0,0,451,10,8,5,0,0,3.71,.253,,8,50,0,0,0,0,0,108,57,8,0,0,10,0,0,149,4,682,418,0,0,0,0,0,0,488,18,0,0,14,0,5,7,27,43,80,440,36,0,0,1,0,73,138,40,0,0,0,0,0,0,1,1,26,314,4,745,240,0,0,50,0,2409,2,1664,296,0,0,0,0,8,.242,.369,.300,.286,.281,.128,.376,.356,.342,.326,.011,.036,.014,88.1,13.1,37.3,28,6.4,5.9,25,25.9,32.7,4.1,35.2,68.8,17.9,30.3,46.1,53.9,149,323,44.3,1066,77,8.3,297,1354,758,2409,81.7,165,923,55.7,1342,44.9,1081,25.2,51.7,31.6,38.4,30,440,65.4,41.1,181,23,101,27.3,120,8.6,38,R,2408,42.9,96.9,2119,-12.2,-14.8,19,1.4,13.7,86,2162,5.9,-34.9,6.7,1.7,,,,,,,,17.8,78.6,2114,9.7,-55.4,14.8,1.6,,,,,,,,13.3,92.6,2276,0.5,-20.2,11.9,1.5,12.3,88,1555,-11.1,-33.5,11.5,1.8,,,,,,,,56.2,95.8,2156,-9.2,-16,17.3,2.5,31.5,81.8,2135,8.1,-46.5,11.3,4.4,12.3,88,1555,-11.1,-33.5,11.5,1.8,
Hendricks, Kyle,543294,2021,32,26,151.2,652,603,168,105,35,3,25,113,33,17.3,5.1,.279,.471,.321,.792,.192,69,73,0,0,455,14,5,2,0,0,4.09,.279,,7,66,0,0,1,0,0,129,67,5,2,0,18,0,0,168,10,696,430,0,1,0,0,1,0,420,19,0,0,13,0,2,8,36,52,80,498,25,0,0,3,1,72,168,47,0,0,0,0,0,0,5,3,26,232,4,745,284,1,1,66,0,2328,8,1583,213,0,0,0,0,6,.272,.441,.338,.329,.317,.169,.388,.376,.341,.333,.007,.030,.009,86.4,11.1,37.6,40,8,5,28.1,22.3,28.5,8,32.9,66.1,15,33.7,29.7,70.1,119,401,51.1,1190,80.3,6.7,634,1390,304,2328,84.7,113,752,48.9,1138,47.9,1115,20.1,49.5,37.6,37.6,24.9,498,68.1,44.2,220,22.1,110,25.7,128,8,40,R,2328,18.2,87.2,1940,-6.9,-20.4,17.1,1.7,,,,,,,,27.2,79.8,2005,-13,-32,17.4,1,13.1,73.1,2838,14.9,-63.4,19.1,1.2,41.5,87.2,1828,-13.7,-26.6,16.7,1.2,,,,,,,,,,,,,,,,,,,,,,59.7,87.2,1862,-11.6,-24.7,16.8,1.4,13.1,73.1,2838,14.9,-63.4,19.1,1.2,27.2,79.8,2005,-13,-32,17.4,1,
Lyles, Jordan,543475,2021,31,26,142.0,622,565,165,102,28,2,33,114,47,18.3,7.6,.292,.524,.346,.870,.232,90,91,0,0,426,6,11,7,0,0,5.70,.292,,18,35,1,0,0,0,0,110,86,16,2,0,9,0,0,149,0,789,364,0,1,0,0,0,0,434,14,0,1,15,0,1,3,43,44,78,458,38,0,0,0,0,100,116,36,1,0,0,0,0,0,1,6,25,261,1,862,296,1,0,36,0,2385,7,1523,247,0,0,0,0,3,.281,.498,.369,.361,.339,.217,.425,.414,.361,.351,.011,.026,.008,90.8,17.1,37.3,45,9.8,6.8,27.5,29.5,21.8,4.6,43.9,71.6,14.7,26.4,43,56.4,138,321,50.9,1215,77,7.5,154,1165,1066,2385,84.8,123,838,49.1,1170,41.1,980,22.5,48.6,42.1,34.1,23.8,458,58.5,34.9,160,31.7,145,26,119,7.4,34,R,2385,41.6,93,2288,-7.1,-13.5,19.6,1.1,25,83.9,2669,8.4,-37.8,8.9,2.2,6.5,85.8,1640,-13.9,-27.3,17.5,1.6,19.7,80.2,2649,7,-57.7,16.5,1.4,7.3,91.6,2217,-13.4,-20.2,18.4,1.3,,,,,,,,,,,,,,,,,,,,,,48.8,92.8,2277,-8.1,-14.5,19.4,1.3,44.7,82.3,2660,7.8,-46.5,12.3,2.8,6.5,85.8,1640,-13.9,-27.3,17.5,1.6,
Ryu, Hyun Jin,547943,2021,34,25,143.2,587,552,139,87,31,3,18,115,30,19.6,5.1,.252,.417,.290,.706,.165,62,65,0,0,431,12,7,1,0,1,3.88,.252,,0,37,0,0,1,0,0,93,60,0,0,0,12,0,0,128,0,713,418,0,1,0,0,1,0,378,24,0,0,15,0,2,1,20,43,76,441,30,0,0,0,1,80,167,27,0,0,0,0,0,0,1,3,25,239,3,747,230,1,1,37,0,2227,4,1480,215,0,0,0,0,5,.262,.429,.303,.319,.301,.168,.355,.376,.316,.331,-0.010,-0.012,-0.016,89.3,9.2,33.3,36,8.2,5,24,22.9,35.4,4.3,40.4,64.9,17.2,30.2,34.1,65.3,114,334,49.6,1105,76,5.8,575,1361,291,2227,82.6,125,728,50.4,1122,46.8,1043,22.5,47.7,36.3,40.6,23.1,441,63.7,47.6,210,23.4,103,23.8,105,5.2,23,L,2227,35.2,89.7,1939,11.5,-20.8,17.7,1.7,0.6,79.8,2059,-3.1,-42.1,5.2,1.5,25.8,79.6,1506,13.8,-36.2,15.8,2.1,12.4,73.7,2497,-11.5,-64.3,17.8,2.2,0.3,85.6,1815,18.9,-25,22.9,1.5,25.6,86.1,1987,0.1,-28.4,8.9,1.9,,,,,,,,,,,,,,,61.1,88.2,1958,6.8,-24,14.1,2.7,13.1,74,2476,-11,-63.2,17.2,2.6,25.8,79.6,1506,13.8,-36.2,15.8,2.1,
Wheeler, Zack,554430,2021,31,26,176.2,701,652,142,102,24,2,14,204,36,29.1,5.1,.218,.325,.261,.586,.107,57,63,0,0,530,10,9,4,0,2,2.90,.218,,4,56,0,0,0,0,0,115,55,3,1,0,16,0,0,121,4,809,411,0,3,0,0,3,0,533,32,0,0,14,0,2,5,22,59,58,456,30,0,0,1,3,55,177,46,0,1,0,0,0,0,5,3,26,367,6,847,212,3,0,56,1,2627,8,1780,335,0,0,0,0,3,.211,.316,.257,.254,.257,.104,.335,.330,.315,.306,.007,.009,.003,84.9,8.2,30.9,23,5,3.7,23,18.4,39.3,10.1,30,72,20.8,30.9,41.7,57.3,164,393,48.4,1271,80.3,7.9,93,1566,968,2627,78.3,203,976,51.6,1356,44.8,1178,26.8,52.1,33.6,38.2,28.3,456,66.9,51.8,236,17.3,79,23.2,106,7.7,35,R,2627,41.9,97.2,2389,-7.7,-13,17.8,1.2,26.3,91.6,2386,2.3,-26.6,7.1,1.7,3.5,90.6,1647,-14.1,-22.9,17.8,1.6,10.5,81.5,2632,9.7,-52.9,15.2,1.4,17.7,96.7,2199,-15.8,-17.9,19.5,1.2,,,,,,,,,,,,,,,,,,,,,,59.6,97.1,2333,-10.1,-14.5,18.3,1.2,36.8,88.7,2457,4.4,-34.1,9.4,5.3,3.5,90.6,1647,-14.1,-22.9,17.8,1.6,
Corbin, Patrick,571578,2021,32,25,136.0,590,534,148,92,22,3,31,110,43,18.6,7.3,.277,.504,.329,.833,.227,92,95,0,0,408,7,13,0,0,0,6.09,.277,,12,44,0,0,2,0,0,86,92,10,1,1,9,0,0,128,2,688,347,1,4,0,0,0,0,337,16,0,0,14,0,1,3,39,45,64,433,38,0,0,1,1,67,157,42,0,0,0,0,0,0,5,4,25,253,3,780,269,4,2,44,0,2155,9,1375,237,0,0,0,0,2,.283,.503,.355,.363,.339,.219,.410,.421,.346,.355,-0.006,.001,-0.008,89.5,9.5,34.4,43,9.9,6.9,24.9,18.9,33.7,5.5,40.6,66.8,13,31.4,45.9,53.8,167,364,53.9,1161,75.2,6.7,101,1225,829,2155,86.4,86,664,46.1,994,43.4,935,24.6,47.7,35.8,35.3,28.9,433,66.6,46.7,202,24.7,107,24.9,108,3.7,16,L,2155,29.3,92.1,2147,8.1,-17,17.6,1.6,37.4,80.4,2212,-3.7,-41.7,4.4,2.8,4.7,81.1,1611,10.3,-28.3,17.2,2.8,1.1,64.7,1783,-4,-66.8,4.8,1.7,27.1,92.3,2092,14.2,-19.3,19.3,1.8,0.4,85.9,2268,-1.5,-30.2,7.1,1.6,,,,,,,,,,,,,,,56.8,92.2,2121,11,-18.2,18.3,1.8,38.5,80,2200,-3.7,-42.4,4.4,4,4.7,81.1,1611,10.3,-28.3,17.2,2.8,
Keuchel, Dallas,572971,2021,33,26,136.2,594,541,146,93,27,3,23,83,47,14.0,7.9,.270,.458,.333,.792,.188,76,85,0,0,410,8,7,3,0,0,5.00,.270,,1,14,0,0,1,0,0,98,73,1,0,0,8,0,0,126,4,760,388,1,2,0,2,0,0,313,14,0,1,17,0,3,5,33,52,61,458,30,0,0,1,1,53,201,40,3,0,0,0,0,0,0,0,25,214,9,863,248,3,1,14,0,2240,0,1377,200,0,0,0,0,4,.296,.484,.341,.366,.358,.188,.364,.396,.319,.350,-0.026,-0.026,-0.025,88.5,5,34.1,44,9.6,4.4,26.6,14.8,39.1,5.2,41.3,65,13.8,28.5,35.1,64.1,128,365,57.1,1280,72.2,4.3,641,1431,168,2240,86.1,86,624,42.9,960,43.8,982,21.6,44.2,43,39.5,17.5,458,59.3,55.2,253,18.8,86,22.1,101,3.9,18,L,2240,1.7,88.7,2209,5.1,-20.5,15.2,1.4,7.5,77.7,2373,-6.8,-44.7,7.7,2,28.6,79.5,1630,14.7,-38.1,15.6,1.3,,,,,,,,36.7,87.6,1980,14.6,-30.2,15.7,1.1,25.5,85,2210,-1.8,-29.7,8.5,1.2,,,,,,,,,,,,,,,63.9,86.6,2078,7.8,-29.8,12.8,1.9,7.5,77.7,2373,-6.8,-44.7,7.7,2,28.6,79.5,1630,14.7,-38.1,15.6,1.3,
Stroman, Marcus,573186,2021,30,27,151.1,612,561,134,100,17,3,14,134,36,21.9,5.9,.239,.355,.286,.641,.116,48,58,0,0,454,9,12,7,0,0,2.85,.239,,9,51,3,0,0,0,0,105,50,9,0,0,14,0,0,116,8,720,383,0,5,0,0,0,0,376,32,0,0,19,0,2,5,23,48,62,437,26,0,0,2,2,63,178,46,2,0,0,0,0,0,5,5,27,301,10,779,199,5,0,54,0,2282,10,1503,269,0,0,0,0,4,.260,.412,.279,.315,.308,.152,.329,.379,.310,.340,-0.021,-0.057,-0.036,89.9,7,33.9,29,6.6,6.2,24.7,17.4,37.5,7.1,43.5,67,16.8,31.5,47.9,51.8,174,363,50.5,1152,80.3,6.9,359,1409,514,2282,82.6,127,757,49.5,1130,42.3,965,26.9,49.1,36.2,38.2,25.6,437,63.2,51.7,226,20.1,88,25.6,112,2.5,11,R,2282,3,92.3,2436,-3.1,-19.9,12.7,1.5,21.5,85.2,2674,11,-35.9,11.5,1.7,,,,,,,,1,79.6,2488,14.1,-44.3,14.6,1.7,43.1,92,2286,-10,-27.9,11.2,1.1,15.6,89.9,2581,2.2,-29.2,6.2,1.8,15.7,86.2,1628,-12.1,-34.7,12.8,2.3,,,,,,,,61.7,91.5,2367,-6.5,-27.9,10,1.7,22.5,84.9,2665,11.1,-36.3,11.7,2.1,15.7,86.2,1628,-12.1,-34.7,12.8,2.3,
Kikuchi, Yusei,579328,2021,30,24,137.1,574,518,121,72,21,2,26,145,51,25.3,8.9,.234,.432,.307,.739,.198,66,69,0,0,412,7,7,3,0,0,4.33,.234,,2,20,0,0,0,0,0,93,58,2,0,0,13,0,0,103,0,699,363,0,2,0,0,0,0,395,18,0,0,14,0,1,4,28,34,59,374,17,0,0,0,0,51,157,34,2,0,0,0,0,0,1,0,24,300,3,755,224,2,0,20,0,2191,1,1436,282,0,0,0,0,2,.250,.443,.320,.334,.322,.193,.389,.410,.324,.347,-0.016,-0.011,-0.014,91.6,7.2,37.2,41,11,4.3,25.1,17.9,38.5,2.7,45.2,66.7,18.1,29.9,51.7,47.6,163,315,48.1,1053,84.7,8.4,222,1534,434,2191,81.7,137,758,51.9,1137,43.6,955,28,49,37.2,41.7,21.1,374,62.4,51.1,191,21.1,79,24.9,93,2.9,11,L,2190,34.2,95.3,2216,9.5,-13.7,19.3,1.5,19.8,82.7,2404,-2.5,-42.6,4.3,1.9,10.1,86.3,1445,10.3,-30.6,12.2,1.6,,,,,,,,,,,,,,,35.8,91.3,2304,-0.2,-23.6,9.3,1.4,,,,,,,,,,,,,,,70,93.2,2261,4.5,-18.7,14.2,2.7,19.8,82.7,2404,-2.5,-42.6,4.3,1.9,10.1,86.3,1445,10.3,-30.6,12.2,1.6,
Foltynewicz, Mike,592314,2021,30,24,130.0,550,502,133,65,32,2,34,91,33,16.5,6.0,.265,.540,.318,.858,.275,80,82,0,0,390,2,12,2,0,0,5.54,.265,,1,33,0,0,1,0,0,84,78,1,0,0,11,0,0,124,0,703,360,0,2,1,0,0,0,393,12,0,0,12,0,1,9,35,30,67,417,27,0,0,0,0,88,125,38,1,0,0,0,0,0,3,3,24,179,2,745,271,3,1,33,0,2100,6,1355,167,0,0,0,0,4,.263,.490,.362,.349,.320,.228,.407,.391,.321,.322,.002,.050,.013,90.3,17.1,37.2,40,9.6,9.6,19.9,29,26.6,5,43.9,69.8,13.3,23.7,32.2,67.4,78,242,48.7,1022,79.8,9,272,1085,743,2100,86,100,752,51.3,1077,42.8,899,18,47.4,43.2,33.6,23.3,417,61.5,37.2,155,29.7,124,25.7,107,7.4,31,R,2099,30.1,93.8,2157,-10.5,-15.8,18.7,1.5,24.3,83.2,2426,5.4,-37.4,6.6,1.7,13,85.3,1784,-14,-25.8,18.6,1.8,11,76.8,2323,9.6,-45.8,10.6,1.8,21.6,93.1,2097,-16.2,-20.5,19.7,1.6,,,,,,,,,,,,,,,,,,,,,,51.7,93.5,2132,-12.9,-17.8,19.1,1.6,35.4,81.2,2394,6.7,-40,7.9,3.7,13,85.3,1784,-14,-25.8,18.6,1.8,
Gausman, Kevin,592332,2021,30,26,152.0,611,556,107,69,23,2,13,176,46,28.8,7.5,.192,.311,.257,.568,.119,42,48,0,0,456,12,5,7,0,0,2.49,.192,,5,60,0,0,1,0,0,109,43,4,1,0,16,0,0,124,2,704,385,0,0,0,0,0,0,449,24,0,0,9,0,0,4,26,31,50,385,15,0,0,1,1,90,135,28,0,0,0,0,0,0,2,3,26,371,6,785,173,0,1,60,0,2382,5,1597,347,0,0,0,0,5,.220,.361,.251,.285,.283,.141,.310,.364,.279,.320,-0.028,-0.050,-0.034,88.6,12.2,30.1,27,7,6.2,25.5,25.7,30.1,5.2,39.5,70.6,22.4,31.1,49.2,49.7,182,370,49.9,1189,84.7,8.5,1006,1231,145,2382,77.2,189,842,50.1,1193,42.9,1021,30.6,50.9,33.5,36.9,29.6,385,62,43.1,166,30.4,117,20.8,80,5.7,22,R,2382,51.7,94.5,2278,-10.6,-14,19.9,1.7,6.1,81.8,2236,2.2,-39.9,3.4,1.9,6.4,83.7,1634,-11,-27.2,16.6,1.8,,,,,,,,,,,,,,,,,,,,,,35.8,83.4,1524,-12.3,-37.3,12.8,1.7,,,,,,,,51.7,94.5,2278,-10.6,-14,19.9,1.7,6.1,81.8,2236,2.2,-39.9,3.4,1.9,42.2,83.5,1541,-12.1,-35.7,13.4,1.7,
Ray, Robbie,592662,2021,30,25,152.1,608,566,119,70,24,1,24,192,37,31.6,6.1,.210,.383,.262,.645,.173,46,47,0,0,457,9,5,4,0,0,2.72,.210,,18,73,2,0,1,0,0,106,46,13,5,0,19,0,0,113,0,771,360,0,2,0,0,0,0,473,26,0,0,11,0,1,3,24,35,59,376,18,0,0,0,0,76,113,33,0,0,0,0,0,0,1,1,25,404,1,820,217,2,1,75,0,2437,2,1617,378,0,0,0,0,7,.220,.380,.279,.285,.271,.160,.377,.387,.317,.332,-0.010,.003,-0.006,90.4,15.8,33.5,33,8.8,5.3,25,29,29,2.4,43.4,72.3,22.3,29.7,57.4,42.3,202,352,48.7,1186,82.4,9.1,103,1454,880,2437,77.3,202,905,51.3,1251,40.8,994,32.1,51.6,37.2,37.8,25,376,62.5,39.4,148,27.1,102,24.5,92,9,34,L,2437,59.5,95,2266,8.3,-13.5,18.9,1.4,28.8,88.7,2204,-1,-27.5,7.6,1.7,4.2,88.3,1718,10.2,-21.9,17,1.5,7.3,82.6,2125,-1.2,-40.2,2.5,1.8,0.2,95.5,2283,13.9,-15.1,20.5,1.5,,,,,,,,,,,,,,,,,,,,,,59.7,95,2266,8.3,-13.5,18.9,1.4,36.1,87.4,2188,-1.1,-30,6.5,3.2,4.2,88.3,1718,10.2,-21.9,17,1.5,
Montas, Frankie,593423,2021,28,26,150.0,624,572,138,93,27,2,16,167,42,26.8,6.7,.241,.379,.296,.676,.138,61,67,0,0,450,10,9,10,0,0,3.66,.241,,5,53,1,0,0,0,0,106,63,5,0,0,15,0,0,123,0,759,380,1,5,0,0,0,0,462,26,0,0,10,0,1,5,29,38,71,409,30,0,0,0,0,76,132,39,0,0,0,0,0,0,1,3,26,371,6,840,217,5,0,54,0,2470,4,1630,345,0,0,0,0,3,.236,.399,.295,.305,.294,.163,.370,.384,.338,.333,.005,-0.020,-0.010,89.8,12.7,35.2,36,8.8,8.3,24.7,22,30.3,5.4,43,70.7,21.6,31.7,46.8,53,188,402,51.4,1270,81.8,7.3,554,1450,466,2470,77.6,183,848,48.6,1200,43.3,1069,29.7,50.6,36.7,35.5,27.9,409,65.4,41.6,170,25.9,106,27.4,112,5.1,21,R,2470,28.9,96.4,2404,-7.3,-12,19,1.2,18.9,88.8,2476,5,-29.4,8,1.9,,,,,,,,,,,,,,,29.8,96.1,2315,-15,-15.4,20.7,1.2,,,,,,,,22.4,87.5,1621,-11.6,-31.7,12.4,1.2,,,,,,,,58.7,96.3,2359,-11.2,-13.7,19.9,1.2,18.9,88.8,2476,5,-29.4,8,1.9,22.4,87.5,1621,-11.6,-31.7,12.4,1.2,
Pivetta, Nick,601713,2021,28,25,130.0,555,488,113,66,25,2,20,145,57,26.1,10.3,.232,.414,.315,.729,.182,66,68,0,0,390,9,6,5,0,0,4.57,.232,,9,69,2,0,0,0,0,101,66,8,1,0,8,0,0,144,0,753,379,0,0,0,0,0,0,479,28,0,0,12,0,3,5,32,33,47,348,30,0,0,0,0,75,98,29,1,3,0,0,0,0,1,4,25,273,2,819,202,0,0,71,3,2299,5,1480,245,0,0,0,0,3,.218,.382,.317,.304,.305,.164,.382,.362,.326,.308,.014,.032,.013,89.6,17.1,34.8,28,8,7.8,22.7,32.2,26.4,2.9,39.9,69.5,16.8,26,46.5,53.5,138,297,49.7,1142,77.6,8.4,60,1189,1050,2299,83.1,135,804,50.3,1157,42.5,976,24.8,47.9,42.2,30.7,27,348,63.2,37.6,131,31.9,111,21.8,76,8.6,30,R,2299,51.6,94.8,2297,-5.3,-10.8,20.6,1.4,23.7,86,2284,5.5,-35,6.6,1.8,2.6,88.1,1882,-13.4,-23.9,17.7,1.5,22,78.9,2741,8.3,-62.9,20.1,1.6,0.1,94.4,2315,-12.2,-12.9,21.8,1.5,,,,,,,,,,,,,,,,,,,,,,51.7,94.8,2297,-5.4,-10.8,20.6,1.4,45.7,82.6,2504,6.8,-48.4,13.1,4.3,2.6,88.1,1882,-13.4,-23.9,17.7,1.5,
Bassitt, Chris,605135,2021,32,25,151.0,611,561,123,80,27,1,15,154,35,25.2,5.7,.219,.351,.277,.628,.132,54,54,0,0,453,12,4,5,1,1,3.22,.219,,7,36,3,1,0,0,0,110,49,7,0,0,16,0,0,140,2,736,407,0,2,1,0,1,0,414,31,0,0,8,0,1,11,18,40,64,411,23,0,0,1,1,88,137,34,1,0,1,0,0,0,0,4,25,262,0,770,197,3,0,40,1,2266,4,1496,231,0,0,0,0,0,.228,.364,.274,.287,.286,.136,.330,.350,.299,.313,-0.009,-0.013,-0.013,87.6,11.8,32.6,28,6.8,4.6,24.6,27.3,33.1,3.6,33.3,65.4,18.6,27.4,39.6,60.1,112,283,45.6,1033,77.5,9.4,228,1657,381,2266,81.3,150,806,54.4,1233,43.4,983,24.1,48.1,32.6,38.7,28.7,411,62.8,43.1,177,26.3,108,24.6,101,6.1,25,R,2266,18.4,93.3,2169,-7.8,-16.9,16.6,1.4,10.5,76.9,2333,15.5,-46,15.9,3.6,10.1,85.3,1958,-17.9,-29.9,19.7,1.3,6.3,71.7,2326,13.6,-67.4,19.3,1.5,36.8,92.8,2116,-16.5,-21.7,19.5,1.3,18,88.9,2220,0.6,-25,9.9,1.7,,,,,,,,,,,,,,,73.1,92,2155,-10.1,-21.3,16.4,2.5,16.8,74.9,2330,14.8,-54,17.2,4.1,10.1,85.3,1958,-17.9,-29.9,19.7,1.3,
Davies, Zach,605200,2021,28,27,131.1,580,501,131,76,33,1,21,102,64,17.6,11.0,.261,.457,.345,.802,.196,73,77,0,0,394,6,10,0,0,0,5.00,.261,,5,42,0,0,2,0,0,106,70,5,0,0,5,0,0,142,4,807,376,1,1,0,0,0,0,336,14,0,0,12,0,2,5,27,41,63,408,35,0,0,1,0,66,147,40,0,0,0,0,0,0,8,1,27,220,4,871,229,1,2,42,0,2220,9,1349,206,0,0,0,0,2,.282,.462,.349,.365,.369,.180,.380,.402,.328,.354,-0.021,-0.005,-0.016,90,10.4,33.6,36,8.8,6.9,26.5,20.8,30.6,6.1,43.9,67.2,14.7,26.6,37.4,62.1,127,340,57.6,1278,83.8,4.5,734,1326,160,2220,84.2,93,633,42.4,942,47.2,1047,22.6,43.8,40.4,39.7,19.9,408,53.6,46.1,188,23.3,95,25.2,103,5.4,22,R,2220,,,,,,,,,,,,,,,33.1,78.3,1689,-13.8,-36.7,16.1,1.2,7.2,74.2,2444,9.4,-59.4,13.7,1.6,52.2,87.9,2014,-14.5,-22.7,19.4,1.2,7.6,86.4,2084,-4.8,-23.7,13.8,1.2,,,,,,,,,,,,,,,59.7,87.7,2023,-13.3,-22.8,18.7,1.3,7.2,74.2,2444,9.4,-59.4,13.7,1.6,33.1,78.3,1689,-13.8,-36.7,16.1,1.2,
Musgrove, Joe,605397,2021,29,26,148.1,602,542,108,71,18,3,16,169,39,28.1,6.5,.199,.332,.269,.601,.133,47,51,0,0,445,9,8,2,0,2,2.85,.199,,6,79,0,0,0,0,0,108,49,5,1,0,13,0,0,117,4,725,446,0,1,0,0,2,0,384,23,1,1,9,0,0,15,28,35,45,379,23,0,0,2,9,64,143,34,0,0,0,0,0,0,3,3,25,336,4,812,180,1,0,79,0,2372,6,1560,313,0,0,0,0,1,.225,.353,.265,.288,.294,.127,.324,.360,.287,.325,-0.026,-0.021,-0.023,87.2,11.1,32.5,22,5.8,4.5,28,24,33,4.2,34.6,62.9,18.9,31.6,51.8,46.6,198,382,51,1209,60.2,7,130,1015,1227,2372,79.9,138,732,49,1163,41.5,984,30.2,47,38.8,38.5,22.7,379,60.8,47,178,25.1,95,20.8,79,7.1,27,R,2372,19.1,93.2,2588,-5.4,-18.7,14,1.2,28.4,84,2772,14,-40.4,14.2,1.2,5.5,87,2068,-9.5,-31.6,11,1.5,23.4,82,2788,11,-54.6,17.6,1.2,5.1,93.1,2467,-10.7,-24.5,13.2,1.2,18.5,90.4,2630,1.7,-24.9,8.8,1.4,,,,,,,,,,,,,,,42.8,92,2592,-2.9,-22.1,11.7,2,51.7,83.1,2779,12.6,-46.9,15.7,1.7,5.5,87,2068,-9.5,-31.6,11,1.5,
Nola, Aaron,605400,2021,28,26,148.2,613,568,131,81,25,4,21,181,33,29.5,5.4,.231,.400,.281,.680,.169,71,73,0,0,446,7,7,0,1,1,4.30,.231,,7,104,2,0,0,0,0,96,67,7,0,0,10,0,0,124,4,768,439,0,1,0,0,1,0,463,25,0,0,12,0,0,8,28,37,66,391,30,0,0,1,1,74,122,32,1,0,0,0,0,0,2,2,26,341,2,799,227,1,0,106,0,2443,4,1644,316,0,0,0,0,8,.223,.374,.293,.285,.275,.151,.388,.375,.337,.326,.008,.026,.008,88.7,13.9,33.2,28,7.2,4.9,26.9,28.9,28.4,3.6,36.6,66.7,20.4,31,46.2,53.5,171,370,48.8,1192,72.5,7.4,503,1266,674,2443,78.6,170,835,51.2,1251,44.9,1097,28.3,49.3,43.2,36.3,20.5,391,66.1,40.7,159,26.6,104,25.1,98,7.7,30,R,2443,38.6,92.8,2184,-13.1,-17.7,19.4,1.4,,,,,,,,20.6,85.1,1507,-15,-35.9,15.4,1.3,27.6,78.4,2523,14.7,-55.3,18,1.3,12,91.8,2118,-17.4,-23.8,19.5,1.5,1.2,86.4,2179,1.2,-28.5,8.4,1.4,,,,,,,,,,,,,,,51.8,92.4,2169,-13.8,-19.4,19.2,1.8,27.6,78.4,2523,14.7,-55.3,18,1.3,20.6,85.1,1507,-15,-35.9,15.4,1.3,
Woodruff, Brandon,605540,2021,28,25,151.1,592,544,103,75,13,2,13,177,37,29.9,6.3,.189,.292,.247,.539,.103,40,43,0,0,454,8,7,2,0,0,2.38,.189,,2,19,3,0,0,0,0,100,39,2,0,0,17,0,0,106,0,736,406,0,4,1,0,0,0,494,32,0,0,10,0,0,6,18,24,60,372,15,0,0,0,0,60,143,39,1,0,0,0,0,0,3,2,25,327,3,764,159,5,0,22,0,2371,5,1607,295,0,0,0,0,7,.219,.324,.240,.269,.275,.106,.302,.348,.279,.323,-0.030,-0.032,-0.029,85.4,9.6,34.7,18,4.8,4.6,25.3,25,32.8,7.5,29.8,68.5,22.1,31.2,39.7,60.1,140,353,47.8,1133,78,8.6,315,1449,607,2371,77.1,187,848,52.2,1238,43.6,1033,27.2,50.7,30.6,41.9,27.4,372,65.5,44.9,167,21.5,80,26.6,99,7,26,R,2371,33.2,96.6,2358,-6.1,-12.7,17.8,1.2,9.1,86.3,2556,3.9,-39.8,5.6,1.4,13.3,86.5,1882,-14.4,-29.9,16.1,1.4,16.5,83.7,2653,4.7,-51.8,13.8,1.8,28,96.3,2291,-14,-16.8,19,1.2,,,,,,,,,,,,,,,,,,,,,,61.1,96.5,2327,-9.7,-14.5,18.3,1.2,25.6,84.6,2619,4.4,-47.6,10.9,2.2,13.3,86.5,1882,-14.4,-29.9,16.1,1.4,
Giolito, Lucas,608337,2021,27,26,154.0,618,569,126,72,25,4,25,175,43,28.3,7.0,.221,.411,.277,.688,.190,63,67,0,0,462,9,9,8,0,0,3.68,.221,,10,24,3,0,2,0,0,94,58,9,1,0,14,0,0,115,4,804,371,0,1,0,0,1,0,461,29,0,0,14,0,1,2,30,27,69,398,25,0,0,1,0,75,109,41,0,0,0,0,0,0,1,3,26,422,4,873,234,1,2,27,0,2528,4,1655,393,0,0,0,0,3,.220,.366,.295,.281,.276,.145,.381,.360,.317,.316,.001,.045,.014,88.3,19.1,37.7,29,7.3,7.5,24.9,29.9,24.9,5,35.4,71.5,25.2,29,52.7,47.3,188,357,48.7,1231,77.3,8.9,822,1123,583,2528,74.4,234,927,51.3,1297,41.3,1043,32.9,50.8,43.5,34.4,22.1,398,60.5,34.2,136,27.1,108,27.6,110,11.1,44,R,2528,44.4,93.9,2358,-6.9,-12,20.4,1.3,20.2,85.6,2042,2.5,-32.2,6.2,1.5,32.5,81.5,1485,-10.2,-28.3,16.6,1.2,2.8,80.9,2392,6.5,-52,12.4,1.6,,,,,,,,,,,,,,,,,,,,,,,,,,,,,44.4,93.9,2358,-6.9,-12,20.4,1.3,23.1,85.1,2085,3,-34.6,7,2.3,32.5,81.5,1485,-10.2,-28.3,16.6,1.2,
Irvin, Cole,608344,2021,27,25,144.1,611,566,149,110,27,0,12,97,31,15.9,5.1,.263,.375,.309,.684,.112,59,66,0,0,433,9,12,2,0,0,3.68,.263,,2,22,1,0,0,1,0,109,57,2,0,0,13,0,0,124,0,629,337,1,0,1,0,0,0,424,21,0,0,16,0,1,9,20,48,81,473,36,0,0,0,3,107,127,54,0,0,0,0,0,0,2,2,25,207,7,674,212,1,1,23,0,2123,4,1449,186,0,0,0,0,6,.274,.423,.300,.329,.324,.149,.328,.366,.316,.333,-0.011,-0.048,-0.029,89.5,16.6,34.9,31,6.6,6.8,27.3,29.8,26,3.6,39.1,72.5,15.1,29.5,28.3,70.6,83,293,46.8,993,83.5,8.6,495,1272,356,2123,84.2,124,819,53.2,1130,45.9,974,18.6,52.4,30.9,42.1,27.1,473,66.8,37,175,27.3,129,28.8,136,7,33,L,2123,41.1,90.7,1957,8.1,-16.8,18.4,1.7,13.8,82.9,1994,-2.7,-37.7,4.2,1.7,23.3,84.1,1584,12.7,-29.7,15.8,1.3,3,76.8,2053,-3.8,-52.4,7.6,1.9,18.8,90.4,1883,14.2,-21,19,1.5,,,,,,,,,,,,,,,,,,,,,,59.9,90.6,1934,10,-18.1,18.6,1.6,16.8,81.8,2004,-2.9,-40.3,4.8,3,23.3,84.1,1584,12.7,-29.7,15.8,1.3,
Marquez, German,608566,2021,26,25,141.0,589,530,126,83,27,1,15,149,51,25.3,8.7,.238,.377,.304,.681,.139,67,69,0,0,423,10,9,10,0,0,4.28,.238,,8,50,0,0,0,0,0,99,62,6,1,1,15,0,0,135,12,703,342,1,2,1,0,2,0,339,16,0,0,13,0,1,2,26,38,62,386,30,0,0,3,1,52,168,25,0,1,0,0,0,0,5,0,25,295,2,774,200,3,0,50,1,2158,5,1384,279,0,0,0,0,4,.238,.364,.289,.298,.306,.127,.347,.360,.316,.329,-0.010,-0.002,-0.009,88.2,5.1,32.4,18,4.4,6.1,27.8,16,38.3,6.6,37.1,69.2,17,27,58.5,38.8,175,299,49.3,1109,76,8.7,45,1157,1048,2250,81.3,134,790,50.7,1141,40.9,921,28.4,48.4,39.6,40,20.4,407,59.6,53.6,218,19.9,81,23.1,94,3.4,14,R,2250,44.1,94.9,2082,-5.5,-18.8,12.7,1.5,28.4,86.2,2428,1.5,-35.4,3.1,1.8,2,86.1,1676,-10.9,-28.7,14,2,18.2,85.1,2691,4.4,-40.5,6,2,7.3,94.1,2062,-12.4,-20.7,16.2,1.5,,,,,,,,,,,,,,,,,,,,,,51.4,94.8,2079,-6.5,-19.1,13.2,1.5,46.6,85.7,2531,2.7,-37.4,4.2,2,2,86.1,1676,-10.9,-28.7,14,2,
Buehler, Walker,621111,2021,27,26,169.0,656,601,113,76,21,1,15,178,42,27.1,6.4,.188,.301,.244,.545,.113,38,42,0,0,507,13,2,5,0,0,2.02,.188,,12,44,0,0,1,0,0,116,38,10,2,0,23,0,0,114,8,812,461,0,3,0,0,0,0,485,36,0,0,14,0,1,5,21,34,58,431,16,0,0,2,2,85,163,35,1,0,0,0,0,0,5,3,26,337,4,846,181,3,1,44,0,2573,8,1727,301,0,0,0,0,5,.209,.327,.241,.263,.265,.118,.293,.327,.265,.295,-0.021,-0.026,-0.022,88.1,11.9,28.8,29,6.7,5.6,21.3,26.2,32.9,6.7,35.7,67.6,17.5,29.7,48.5,49.3,180,371,48.6,1250,77.5,7.9,89,1789,695,2573,81.9,157,895,51.4,1323,43.6,1121,26.6,49.2,34.8,42.5,22.7,431,65.4,45.7,197,25.3,109,21.6,93,7.4,32,R,2573,45.8,95.4,2499,-3,-11.7,18.7,1.2,13.6,85.1,2824,14,-36.9,14.4,1.5,3.5,91.8,1547,-12.9,-26.7,14.3,1.4,13.4,80.2,2901,10.7,-57.9,18.6,1.4,7.4,95.4,2373,-13.3,-16.1,19.4,1.3,16.3,91.7,2641,6,-23.5,11,1.3,,,,,,,,,,,,,,,69.5,94.5,2519,-2,-14.9,16.9,2.1,27,82.7,2862,12.4,-47.3,16.5,3,3.5,91.8,1547,-12.9,-26.7,14.3,1.4,
Berrios, Jose,621244,2021,27,25,146.0,603,546,127,79,29,2,17,151,40,25.0,6.6,.233,.386,.295,.682,.153,60,67,0,0,438,8,7,3,0,0,3.70,.233,,1,62,17,1,1,2,0,107,62,1,0,0,10,1,0,143,0,758,441,0,4,0,0,1,0,440,23,0,0,15,0,1,11,25,32,69,401,32,0,0,0,0,70,139,39,0,2,0,0,0,0,2,4,25,257,7,815,211,4,3,80,2,2359,6,1544,234,0,0,0,0,4,.243,.404,.297,.315,.308,.161,.358,.386,.318,.337,-0.010,-0.018,-0.018,88.4,12.6,37.7,34,8.5,6.2,23.2,24.4,31.4,6.2,38.4,63.6,15.7,30.5,38.5,60.9,141,366,50.9,1200,68.3,7.8,321,1312,726,2359,83.9,116,737,49.1,1159,41.8,986,23.3,46.8,40.4,34.7,24.9,401,63.8,42.6,171,23.9,96,27.7,111,5.7,23,R,2359,26.9,94.1,2236,-9.8,-16.4,17.7,1.3,,,,,,,,13.6,85,1519,-13.9,-33.3,15,2,30.8,83.1,2344,14.9,-43.5,15.5,1.6,28.7,93.8,2135,-16.2,-19.9,19.9,1.2,,,,,,,,,,,,,,,,,,,,,,55.6,93.9,2184,-13.1,-18.2,18.8,1.2,30.8,83.1,2344,14.9,-43.5,15.5,1.6,13.6,85,1519,-13.9,-33.3,15,2,
Castillo, Luis,622491,2021,29,27,151.0,652,575,147,101,26,4,16,151,62,23.2,9.5,.256,.398,.331,.730,.142,72,81,0,0,453,7,13,1,1,0,4.29,.256,,4,46,4,0,0,0,0,121,70,3,1,0,14,0,0,152,12,894,367,0,3,0,0,0,0,451,31,0,0,20,0,2,7,25,61,61,432,36,0,0,3,2,46,182,38,0,0,0,0,0,0,7,1,27,362,9,936,229,3,0,50,0,2558,8,1622,331,0,0,0,0,4,.234,.348,.320,.298,.316,.114,.376,.342,.346,.317,.022,.050,.022,88.2,4.3,30.8,21,4.9,3.9,24.1,17.4,43.3,6.3,38.7,71.2,22.3,29.6,42.7,56.8,172,403,53.2,1362,77.1,6.8,747,1345,466,2558,76.8,190,852,46.8,1196,44.3,1134,28.8,49.1,32.4,43.3,24.3,432,58.4,56.3,243,16.9,73,22.9,99,3.9,17,R,2558,28.9,97.1,2318,-11.2,-16.3,17.1,1.4,18.2,86.2,2437,0.4,-37.1,2.9,1.8,29.2,88.1,1968,-16.7,-34.1,16.8,1.6,,,,,,,,23.7,97.2,2140,-17.6,-24.5,18.2,1.4,,,,,,,,,,,,,,,,,,,,,,52.6,97.2,2238,-14.1,-20,17.6,1.4,18.2,86.2,2437,0.4,-37.1,2.9,1.8,29.2,88.1,1968,-16.7,-34.1,16.8,1.6,
Flexen, Chris,623167,2021,27,24,140.0,575,537,145,100,26,5,14,95,28,16.5,4.9,.270,.415,.308,.723,.145,55,57,0,0,420,11,5,2,0,0,3.54,.270,,4,116,3,0,3,0,0,101,56,3,1,0,13,0,0,105,0,710,332,0,1,0,0,0,0,422,23,0,0,19,0,2,4,24,51,70,448,25,0,0,0,1,94,152,33,0,0,0,0,0,0,0,6,24,198,2,767,223,1,3,119,0,2173,6,1406,175,0,0,0,0,1,.258,.416,.311,.313,.299,.157,.349,.352,.324,.313,.012,-0.001,-0.002,89.8,10.5,32.1,26,5.8,6.7,24.3,25.2,33.9,3.6,39.5,71.4,13.3,28.5,30.6,68.8,97,317,51.2,1113,79.6,7,348,1491,334,2173,86.1,101,757,48.8,1060,43.2,938,18.4,49.4,36.2,37.5,26.3,448,62.8,45.3,203,27,121,23.7,106,4,18,R,2173,37.3,92.7,2098,-2,-13.6,18.5,1.4,,,,,,,,16,82.8,1322,-12.3,-30.3,15.6,1.4,15.4,77.2,2702,7.8,-59,15.3,1.9,,,,,,,,31.3,89,2292,5,-27.1,9.1,1.5,,,,,,,,,,,,,,,68.6,91,2186,1.2,-19.8,14.2,2.5,15.4,77.2,2702,7.8,-59,15.3,1.9,16,82.8,1322,-12.3,-30.3,15.6,1.4,
Urias, Julio,628711,2021,25,25,144.2,582,536,120,81,22,0,17,153,32,26.3,5.5,.224,.360,.270,.630,.136,51,57,0,0,434,14,3,2,0,0,3.17,.224,,1,42,0,0,1,0,0,88,51,1,0,0,10,0,0,94,12,616,410,0,3,0,0,0,0,438,24,0,0,8,0,0,5,24,42,54,392,21,0,0,3,1,88,123,31,0,0,0,0,0,0,7,2,25,282,6,653,193,3,1,42,0,2184,9,1531,258,0,0,0,0,3,.230,.375,.274,.285,.279,.145,.345,.362,.312,.320,-0.006,-0.015,-0.011,86.1,15.1,33.4,23,5.9,4.6,28.1,27.6,25.5,7.9,29.3,66.6,19.5,33,38.8,60.6,127,327,45.4,992,75,8.8,383,1066,735,2184,79.6,155,794,54.6,1192,43.1,942,25.2,51.3,32.7,41.6,25.8,392,70.8,42.1,165,29.1,114,21.7,85,7.1,28,L,2184,48.2,94.2,2491,3.8,-13.4,17.8,1.1,0,83.5,2816,-11.9,-30.7,14.8,,17.5,87.1,1923,14.7,-28.8,16.5,1.4,33.6,81.6,2881,-15.5,-41.9,15.8,1.6,0.6,94.6,2458,9.4,-15.5,17.8,1.4,,,,,,,,,,,,,,,,,,,,,,48.8,94.2,2490,3.9,-13.4,17.8,1.2,33.7,81.6,2881,-15.5,-41.8,15.8,1.6,17.5,87.1,1923,14.7,-28.8,16.5,1.4,
Manaea, Sean,640455,2021,29,26,142.2,603,559,142,95,25,0,22,156,36,25.9,6.0,.254,.417,.305,.722,.163,63,64,0,0,428,8,9,5,1,2,3.97,.254,,2,19,0,0,0,0,0,103,60,0,2,0,12,0,0,108,0,757,402,0,2,0,0,2,0,480,37,0,0,10,0,0,6,31,50,61,405,26,0,0,0,0,67,129,35,0,0,0,0,0,0,1,1,26,335,1,784,233,2,0,19,0,2408,2,1624,298,0,0,0,0,3,.245,.406,.313,.309,.299,.161,.394,.388,.351,.341,.009,.011,.004,90,12.7,34.3,32,7.9,7.4,24.7,23.7,31.4,4.9,41.5,70.4,22.2,26.9,44,56,129,293,45.2,1089,80.6,9,636,1412,360,2408,77.6,206,929,54.8,1319,42.5,1024,27.4,50.7,38,37.8,24.2,405,66,44.2,179,24.2,98,24.2,98,7.4,30,L,2408,,,,,,,,,,,,,,,26.4,84.5,1380,12.1,-31.7,14.2,2,15,82.2,2017,-5.1,-38,6.7,2.9,58.6,92,1987,13.5,-20.1,18.5,1.7,,,,,,,,,,,,,,,,,,,,,,58.6,92,1987,13.5,-20.1,18.5,1.7,15,82.2,2017,-5.1,-38,6.7,2.9,26.4,84.5,1380,12.1,-31.7,14.2,2,
Keller, Brad,641745,2021,26,26,133.2,613,532,158,111,27,2,18,120,64,19.6,10.4,.297,.457,.374,.830,.160,80,89,0,0,401,8,12,5,0,0,5.39,.297,,5,72,2,0,0,0,0,123,80,4,1,0,9,0,0,165,3,780,383,0,4,0,0,0,0,388,19,0,0,17,0,0,7,33,58,66,422,43,0,0,1,2,55,149,35,0,0,0,0,0,0,1,9,26,234,9,913,243,4,0,74,0,2348,10,1435,215,0,0,0,0,6,.288,.498,.359,.378,.371,.210,.406,.434,.375,.370,.009,-0.041,-0.019,90,7.9,37,46,10.9,5.7,26.3,16.4,36.3,4.5,45,67.1,14.3,24.4,42.1,56.5,126,299,52.2,1225,77.1,7.1,144,1386,818,2348,85.1,108,753,47.8,1123,41.1,966,22.2,44.8,35.5,37.9,26.5,422,59.4,49.1,207,22.3,94,24.9,105,3.8,16,R,2348,29.8,94.2,2325,1,-16.7,14.2,1.5,34.8,86.1,2582,6.1,-40.6,7.5,1.4,6.1,90,2001,-12.4,-24.3,15.7,1.2,,,,,,,,29.3,93.7,2182,-10.8,-21.5,14.5,1.3,,,,,,,,,,,,,,,,,,,,,,59,93.9,2254,-4.9,-19.1,14.4,1.4,34.8,86.1,2582,6.1,-40.6,7.5,1.4,6.1,90,2001,-12.4,-24.3,15.7,1.2,
Mahle, Tyler,641816,2021,27,26,141.1,595,529,122,72,28,2,20,168,47,28.2,7.9,.231,.405,.301,.705,.174,58,60,0,0,424,10,4,3,0,0,3.69,.231,,1,20,1,0,0,0,0,110,52,1,0,0,8,0,0,133,0,868,439,0,1,0,1,0,0,430,35,0,0,7,0,2,10,31,33,58,370,24,0,0,0,0,62,126,25,3,0,0,0,0,0,7,2,26,340,2,930,214,2,0,21,0,2512,9,1582,305,0,0,0,0,0,.225,.363,.309,.297,.301,.138,.390,.372,.336,.330,.006,.042,.012,88.5,14.4,33.8,27,7.3,4.3,27.3,27.3,28.9,4.6,34.6,67.1,23.4,25.6,45.2,54.8,151,334,52,1307,80.9,6.1,369,1317,826,2512,76.3,189,809,48,1205,44.9,1128,29.7,45.5,40.3,32.4,27.3,370,64.2,43,159,25.9,96,22.7,84,8.4,31,R,2512,52.4,94.1,2350,-12.1,-13.7,21.1,1.6,32.9,86.9,2529,2.7,-28.8,8.1,2.1,,,,,,,,,,,,,,,,,,,,,,,,,,,,,14.7,86.4,1857,-14.6,-28.4,17,1.9,,,,,,,,52.4,94.1,2350,-12.1,-13.7,21.1,1.6,32.9,86.9,2529,2.7,-28.8,8.1,2.1,14.7,86.4,1857,-14.6,-28.4,17,1.9,
Alcantara, Sandy,645261,2021,26,27,165.1,676,616,138,90,30,1,17,158,47,23.4,7.0,.224,.359,.284,.643,.135,60,69,0,0,496,8,12,6,0,0,3.27,.224,,11,37,8,0,0,1,0,123,61,11,0,0,19,1,0,141,3,758,364,0,3,0,0,1,0,505,34,0,0,19,0,3,7,30,51,57,464,36,0,0,2,1,69,198,37,3,0,0,0,0,0,4,2,27,361,9,816,221,3,1,45,0,2517,6,1701,327,0,0,0,0,10,.227,.354,.281,.285,.289,.127,.331,.336,.300,.304,-0.003,.005,-0.004,87.2,4.7,29.1,27,5.8,6,22.2,20,40.1,5.8,38.8,71.6,19.6,33.1,44.4,54.6,178,401,48.1,1210,80.7,8.2,637,1231,649,2517,80.1,183,936,51.9,1307,43.1,1085,27,53.1,39.2,38.6,22.2,464,62,53.7,249,21.6,100,20.3,94,4.5,21,R,2517,21,98,2250,-10.4,-14.8,17.3,1.4,22.6,90.3,2364,-1.3,-30.1,4.7,1.8,25.3,91.7,1999,-15.9,-29.3,16.4,1.3,3.1,83.7,2396,3.8,-42.9,5.8,1.8,27.9,97.5,2332,-17.1,-21.4,18.8,1.4,,,,,,,,,,,,,,,,,,,,,,48.9,97.7,2297,-14.2,-18.6,18.2,1.4,25.8,89.5,2368,-0.7,-31.7,4.8,3,25.3,91.7,1999,-15.9,-29.3,16.4,1.3,
Cease, Dylan,656302,2021,26,26,137.2,587,516,115,78,18,2,17,177,54,30.2,9.2,.223,.364,.303,.668,.141,60,64,0,0,413,10,6,12,2,1,3.92,.223,,16,61,1,0,0,0,0,106,58,16,0,0,9,0,0,149,0,857,377,0,1,1,0,1,0,402,30,0,0,5,0,4,9,33,28,54,347,25,0,0,0,0,78,91,24,3,1,0,0,0,0,1,7,26,381,4,927,188,2,0,62,1,2437,8,1510,351,0,0,0,0,2,.209,.361,.294,.295,.295,.152,.371,.372,.332,.317,.014,.003,-0.001,88.6,18.5,35.7,34,9.8,6.6,23.1,30.5,25.1,4.9,36,66.8,24.9,28.4,52.1,47.9,190,365,52.8,1287,72.2,6.5,206,1134,1097,2437,74.7,191,768,47.2,1150,39.8,971,33.6,46.5,33.4,38,28.5,347,57.4,34,118,33.7,117,23.1,80,9.2,32,R,2437,46.5,96.5,2541,-4.6,-10.7,19.4,1.4,30,85.6,2877,7.1,-38.4,7.8,1.5,8.5,78.1,1634,-7.4,-29.3,17.3,2.6,15.1,79.8,2752,5.4,-61.9,19.3,2,,,,,,,,,,,,,,,,,,,,,,,,,,,,,46.5,96.5,2541,-4.6,-10.7,19.4,1.4,45,83.7,2835,6.5,-46.3,11.6,3.5,8.5,78.1,1634,-7.4,-29.3,17.3,2.6,
Burnes, Corbin,669203,2021,27,22,133.0,524,490,100,79,13,3,5,180,26,34.4,5.0,.204,.273,.250,.523,.069,34,36,0,0,399,8,4,4,0,0,2.30,.204,,16,39,0,0,0,0,0,82,31,14,1,1,14,0,0,99,0,653,369,0,1,0,0,0,0,309,29,0,0,9,0,1,5,15,45,39,313,27,0,0,0,7,50,115,26,2,0,0,0,0,0,0,3,22,361,2,690,134,1,0,39,0,2053,3,1363,332,0,0,0,0,3,.177,.246,.233,.214,.226,.068,.321,.290,.319,.279,.027,.027,.019,85.5,8.4,29.1,8,2.6,4.5,22,27.5,38,5.1,30.4,63.7,22.8,35,58,40.9,221,381,53.1,1090,75.5,6.8,199,1306,548,2053,76,140,613,46.9,963,42.1,864,36.3,48.4,37.1,38.3,24.6,313,63,51.1,160,21.7,68,21.1,66,6.1,19,R,2053,1.8,96.3,2600,-5.8,-15.6,15,1.4,9.4,87.8,2858,7.5,-35.3,8.1,1.6,9.7,90.6,1844,-13.9,-25.7,16.3,1.3,17.3,81.1,2871,11.3,-49.6,14.1,1.5,9.4,96.7,2556,-11.7,-17.1,17,1.2,52.4,95.1,2767,4.2,-18.8,12.2,1.4,,,,,,,,,,,,,,,63.6,95.4,2731,1.5,-18.4,13,1.5,26.7,83.4,2866,9.9,-44.6,12,3.8,9.7,90.6,1844,-13.9,-25.7,16.3,1.3,